Campaign,Keyword,Criterion Type
Search - Garden Maintenance,jobs,Campaign Negative Phrase
Search - Garden Maintenance,job,Campaign Negative Phrase
Search - Garden Maintenance,vacancy,Campaign Negative Phrase
Search - Garden Maintenance,vacancies,Campaign Negative Phrase
Search - Garden Maintenance,career,Campaign Negative Phrase
Search - Garden Maintenance,careers,Campaign Negative Phrase
Search - Garden Maintenance,salary,Campaign Negative Phrase
Search - Garden Maintenance,wages,Campaign Negative Phrase
Search - Garden Maintenance,apprenticeship,Campaign Negative Phrase
Search - Garden Maintenance,apprentice,Campaign Negative Phrase
Search - Garden Maintenance,recruitment,Campaign Negative Phrase
Search - Garden Maintenance,cv,Campaign Negative Phrase
Search - Garden Maintenance,hiring,Campaign Negative Phrase
Search - Garden Maintenance,training,Campaign Negative Phrase
Search - Garden Maintenance,course,Campaign Negative Phrase
Search - Garden Maintenance,courses,Campaign Negative Phrase
Search - Garden Maintenance,college,Campaign Negative Phrase
Search - Garden Maintenance,qualification,Campaign Negative Phrase
Search - Garden Maintenance,rhs course,Campaign Negative Phrase
Search - Garden Maintenance,gardening leave,Campaign Negative Phrase
Search - Garden Maintenance,diy,Campaign Negative Phrase
Search - Garden Maintenance,how to,Campaign Negative Phrase
Search - Garden Maintenance,how do i,Campaign Negative Phrase
Search - Garden Maintenance,guide,Campaign Negative Phrase
Search - Garden Maintenance,tutorial,Campaign Negative Phrase
Search - Garden Maintenance,youtube,Campaign Negative Phrase
Search - Garden Maintenance,tips,Campaign Negative Phrase
Search - Garden Maintenance,yourself,Campaign Negative Phrase
Search - Garden Maintenance,what is,Campaign Negative Phrase
Search - Garden Maintenance,when to,Campaign Negative Phrase
Search - Garden Maintenance,calendar,Campaign Negative Phrase
Search - Garden Maintenance,wikipedia,Campaign Negative Phrase
Search - Garden Maintenance,free,Campaign Negative Phrase
Search - Garden Maintenance,cheap,Campaign Negative Phrase
Search - Garden Maintenance,cheapest,Campaign Negative Phrase
Search - Garden Maintenance,budget,Campaign Negative Phrase
Search - Garden Maintenance,volunteer,Campaign Negative Phrase
Search - Garden Maintenance,voluntary,Campaign Negative Phrase
Search - Garden Maintenance,grant,Campaign Negative Phrase
Search - Garden Maintenance,council,Campaign Negative Phrase
Search - Garden Maintenance,charity,Campaign Negative Phrase
Search - Garden Maintenance,garden centre,Campaign Negative Phrase
Search - Garden Maintenance,garden centres,Campaign Negative Phrase
Search - Garden Maintenance,nursery,Campaign Negative Phrase
Search - Garden Maintenance,plants for sale,Campaign Negative Phrase
Search - Garden Maintenance,seeds,Campaign Negative Phrase
Search - Garden Maintenance,bulbs,Campaign Negative Phrase
Search - Garden Maintenance,compost,Campaign Negative Phrase
Search - Garden Maintenance,topsoil delivery,Campaign Negative Phrase
Search - Garden Maintenance,b&q,Campaign Negative Phrase
Search - Garden Maintenance,homebase,Campaign Negative Phrase
Search - Garden Maintenance,wickes,Campaign Negative Phrase
Search - Garden Maintenance,screwfix,Campaign Negative Phrase
Search - Garden Maintenance,amazon,Campaign Negative Phrase
Search - Garden Maintenance,ebay,Campaign Negative Phrase
Search - Garden Maintenance,for sale,Campaign Negative Phrase
Search - Garden Maintenance,buy,Campaign Negative Phrase
Search - Garden Maintenance,shop,Campaign Negative Phrase
Search - Garden Maintenance,garden furniture,Campaign Negative Phrase
Search - Garden Maintenance,shed,Campaign Negative Phrase
Search - Garden Maintenance,sheds,Campaign Negative Phrase
Search - Garden Maintenance,greenhouse,Campaign Negative Phrase
Search - Garden Maintenance,summer house,Campaign Negative Phrase
Search - Garden Maintenance,log cabin,Campaign Negative Phrase
Search - Garden Maintenance,hot tub,Campaign Negative Phrase
Search - Garden Maintenance,bbq,Campaign Negative Phrase
Search - Garden Maintenance,planters,Campaign Negative Phrase
Search - Garden Maintenance,mower,Campaign Negative Phrase
Search - Garden Maintenance,mowers,Campaign Negative Phrase
Search - Garden Maintenance,lawnmower,Campaign Negative Phrase
Search - Garden Maintenance,strimmer,Campaign Negative Phrase
Search - Garden Maintenance,hedge trimmer,Campaign Negative Phrase
Search - Garden Maintenance,machinery,Campaign Negative Phrase
Search - Garden Maintenance,tool hire,Campaign Negative Phrase
Search - Garden Maintenance,equipment hire,Campaign Negative Phrase
Search - Garden Maintenance,repair,Campaign Negative Phrase
Search - Garden Maintenance,spares,Campaign Negative Phrase
Search - Garden Maintenance,parts,Campaign Negative Phrase
Search - Garden Maintenance,servicing,Campaign Negative Phrase
Search - Garden Maintenance,tree surgeon,Campaign Negative Phrase
Search - Garden Maintenance,tree surgery,Campaign Negative Phrase
Search - Garden Maintenance,tree felling,Campaign Negative Phrase
Search - Garden Maintenance,stump grinding,Campaign Negative Phrase
Search - Garden Maintenance,artificial grass,Campaign Negative Phrase
Search - Garden Maintenance,astro turf,Campaign Negative Phrase
Search - Garden Maintenance,fake grass,Campaign Negative Phrase
Search - Garden Maintenance,japanese knotweed,Campaign Negative Phrase
Search - Garden Maintenance,pest control,Campaign Negative Phrase
Search - Garden Maintenance,window cleaning,Campaign Negative Phrase
Search - Garden Maintenance,gutter,Campaign Negative Phrase
Search - Garden Maintenance,driveway,Campaign Negative Phrase
Search - Garden Maintenance,driveways,Campaign Negative Phrase
Search - Garden Maintenance,block paving,Campaign Negative Phrase
Search - Garden Maintenance,tarmac,Campaign Negative Phrase
Search - Garden Maintenance,resin drive,Campaign Negative Phrase
Search - Garden Maintenance,swimming pool,Campaign Negative Phrase
Search - Garden Maintenance,pond,Campaign Negative Phrase
Search - Garden Maintenance,irrigation,Campaign Negative Phrase
Search - Garden Maintenance,tree removal,Campaign Negative Phrase
Search - Garden Maintenance,conservatory,Campaign Negative Phrase
Search - Garden Maintenance,extension,Campaign Negative Phrase
Search - Garden Maintenance,roofing,Campaign Negative Phrase
Search - Garden Maintenance,london,Campaign Negative Phrase
Search - Garden Maintenance,birmingham,Campaign Negative Phrase
Search - Garden Maintenance,manchester,Campaign Negative Phrase
Search - Garden Maintenance,leeds,Campaign Negative Phrase
Search - Garden Maintenance,bristol,Campaign Negative Phrase
Search - Garden Maintenance,glasgow,Campaign Negative Phrase
Search - Garden Maintenance,liverpool,Campaign Negative Phrase
Search - Garden Maintenance,sheffield,Campaign Negative Phrase
Search - Garden Maintenance,nottingham,Campaign Negative Phrase
Search - Garden Maintenance,cardiff,Campaign Negative Phrase
Search - Garden Maintenance,edinburgh,Campaign Negative Phrase
Search - Garden Maintenance,allotment,Campaign Negative Phrase
Search - Garden Maintenance,rent,Campaign Negative Phrase
Search - Garden Maintenance,rental,Campaign Negative Phrase
Search - Garden Maintenance,for hire,Campaign Negative Phrase
Search - Garden Maintenance,insurance,Campaign Negative Phrase
Search - Garden Maintenance,planning permission,Campaign Negative Phrase
Search - Garden Maintenance,boundary dispute,Campaign Negative Phrase
Search - Garden Maintenance,landlord,Campaign Negative Phrase
Search - Garden Maintenance,estate agent,Campaign Negative Phrase
Search - Garden Maintenance,house for sale,Campaign Negative Phrase
Search - Landscaping & Patios,jobs,Campaign Negative Phrase
Search - Landscaping & Patios,job,Campaign Negative Phrase
Search - Landscaping & Patios,vacancy,Campaign Negative Phrase
Search - Landscaping & Patios,vacancies,Campaign Negative Phrase
Search - Landscaping & Patios,career,Campaign Negative Phrase
Search - Landscaping & Patios,careers,Campaign Negative Phrase
Search - Landscaping & Patios,salary,Campaign Negative Phrase
Search - Landscaping & Patios,wages,Campaign Negative Phrase
Search - Landscaping & Patios,apprenticeship,Campaign Negative Phrase
Search - Landscaping & Patios,apprentice,Campaign Negative Phrase
Search - Landscaping & Patios,recruitment,Campaign Negative Phrase
Search - Landscaping & Patios,cv,Campaign Negative Phrase
Search - Landscaping & Patios,hiring,Campaign Negative Phrase
Search - Landscaping & Patios,training,Campaign Negative Phrase
Search - Landscaping & Patios,course,Campaign Negative Phrase
Search - Landscaping & Patios,courses,Campaign Negative Phrase
Search - Landscaping & Patios,college,Campaign Negative Phrase
Search - Landscaping & Patios,qualification,Campaign Negative Phrase
Search - Landscaping & Patios,rhs course,Campaign Negative Phrase
Search - Landscaping & Patios,gardening leave,Campaign Negative Phrase
Search - Landscaping & Patios,diy,Campaign Negative Phrase
Search - Landscaping & Patios,how to,Campaign Negative Phrase
Search - Landscaping & Patios,how do i,Campaign Negative Phrase
Search - Landscaping & Patios,guide,Campaign Negative Phrase
Search - Landscaping & Patios,tutorial,Campaign Negative Phrase
Search - Landscaping & Patios,youtube,Campaign Negative Phrase
Search - Landscaping & Patios,tips,Campaign Negative Phrase
Search - Landscaping & Patios,yourself,Campaign Negative Phrase
Search - Landscaping & Patios,what is,Campaign Negative Phrase
Search - Landscaping & Patios,when to,Campaign Negative Phrase
Search - Landscaping & Patios,calendar,Campaign Negative Phrase
Search - Landscaping & Patios,wikipedia,Campaign Negative Phrase
Search - Landscaping & Patios,free,Campaign Negative Phrase
Search - Landscaping & Patios,cheap,Campaign Negative Phrase
Search - Landscaping & Patios,cheapest,Campaign Negative Phrase
Search - Landscaping & Patios,budget,Campaign Negative Phrase
Search - Landscaping & Patios,volunteer,Campaign Negative Phrase
Search - Landscaping & Patios,voluntary,Campaign Negative Phrase
Search - Landscaping & Patios,grant,Campaign Negative Phrase
Search - Landscaping & Patios,council,Campaign Negative Phrase
Search - Landscaping & Patios,charity,Campaign Negative Phrase
Search - Landscaping & Patios,garden centre,Campaign Negative Phrase
Search - Landscaping & Patios,garden centres,Campaign Negative Phrase
Search - Landscaping & Patios,nursery,Campaign Negative Phrase
Search - Landscaping & Patios,plants for sale,Campaign Negative Phrase
Search - Landscaping & Patios,seeds,Campaign Negative Phrase
Search - Landscaping & Patios,bulbs,Campaign Negative Phrase
Search - Landscaping & Patios,compost,Campaign Negative Phrase
Search - Landscaping & Patios,topsoil delivery,Campaign Negative Phrase
Search - Landscaping & Patios,b&q,Campaign Negative Phrase
Search - Landscaping & Patios,homebase,Campaign Negative Phrase
Search - Landscaping & Patios,wickes,Campaign Negative Phrase
Search - Landscaping & Patios,screwfix,Campaign Negative Phrase
Search - Landscaping & Patios,amazon,Campaign Negative Phrase
Search - Landscaping & Patios,ebay,Campaign Negative Phrase
Search - Landscaping & Patios,for sale,Campaign Negative Phrase
Search - Landscaping & Patios,buy,Campaign Negative Phrase
Search - Landscaping & Patios,shop,Campaign Negative Phrase
Search - Landscaping & Patios,garden furniture,Campaign Negative Phrase
Search - Landscaping & Patios,shed,Campaign Negative Phrase
Search - Landscaping & Patios,sheds,Campaign Negative Phrase
Search - Landscaping & Patios,greenhouse,Campaign Negative Phrase
Search - Landscaping & Patios,summer house,Campaign Negative Phrase
Search - Landscaping & Patios,log cabin,Campaign Negative Phrase
Search - Landscaping & Patios,hot tub,Campaign Negative Phrase
Search - Landscaping & Patios,bbq,Campaign Negative Phrase
Search - Landscaping & Patios,planters,Campaign Negative Phrase
Search - Landscaping & Patios,mower,Campaign Negative Phrase
Search - Landscaping & Patios,mowers,Campaign Negative Phrase
Search - Landscaping & Patios,lawnmower,Campaign Negative Phrase
Search - Landscaping & Patios,strimmer,Campaign Negative Phrase
Search - Landscaping & Patios,hedge trimmer,Campaign Negative Phrase
Search - Landscaping & Patios,machinery,Campaign Negative Phrase
Search - Landscaping & Patios,tool hire,Campaign Negative Phrase
Search - Landscaping & Patios,equipment hire,Campaign Negative Phrase
Search - Landscaping & Patios,repair,Campaign Negative Phrase
Search - Landscaping & Patios,spares,Campaign Negative Phrase
Search - Landscaping & Patios,parts,Campaign Negative Phrase
Search - Landscaping & Patios,servicing,Campaign Negative Phrase
Search - Landscaping & Patios,tree surgeon,Campaign Negative Phrase
Search - Landscaping & Patios,tree surgery,Campaign Negative Phrase
Search - Landscaping & Patios,tree felling,Campaign Negative Phrase
Search - Landscaping & Patios,stump grinding,Campaign Negative Phrase
Search - Landscaping & Patios,artificial grass,Campaign Negative Phrase
Search - Landscaping & Patios,astro turf,Campaign Negative Phrase
Search - Landscaping & Patios,fake grass,Campaign Negative Phrase
Search - Landscaping & Patios,japanese knotweed,Campaign Negative Phrase
Search - Landscaping & Patios,pest control,Campaign Negative Phrase
Search - Landscaping & Patios,window cleaning,Campaign Negative Phrase
Search - Landscaping & Patios,gutter,Campaign Negative Phrase
Search - Landscaping & Patios,driveway,Campaign Negative Phrase
Search - Landscaping & Patios,driveways,Campaign Negative Phrase
Search - Landscaping & Patios,block paving,Campaign Negative Phrase
Search - Landscaping & Patios,tarmac,Campaign Negative Phrase
Search - Landscaping & Patios,resin drive,Campaign Negative Phrase
Search - Landscaping & Patios,swimming pool,Campaign Negative Phrase
Search - Landscaping & Patios,pond,Campaign Negative Phrase
Search - Landscaping & Patios,irrigation,Campaign Negative Phrase
Search - Landscaping & Patios,tree removal,Campaign Negative Phrase
Search - Landscaping & Patios,conservatory,Campaign Negative Phrase
Search - Landscaping & Patios,extension,Campaign Negative Phrase
Search - Landscaping & Patios,roofing,Campaign Negative Phrase
Search - Landscaping & Patios,london,Campaign Negative Phrase
Search - Landscaping & Patios,birmingham,Campaign Negative Phrase
Search - Landscaping & Patios,manchester,Campaign Negative Phrase
Search - Landscaping & Patios,leeds,Campaign Negative Phrase
Search - Landscaping & Patios,bristol,Campaign Negative Phrase
Search - Landscaping & Patios,glasgow,Campaign Negative Phrase
Search - Landscaping & Patios,liverpool,Campaign Negative Phrase
Search - Landscaping & Patios,sheffield,Campaign Negative Phrase
Search - Landscaping & Patios,nottingham,Campaign Negative Phrase
Search - Landscaping & Patios,cardiff,Campaign Negative Phrase
Search - Landscaping & Patios,edinburgh,Campaign Negative Phrase
Search - Landscaping & Patios,allotment,Campaign Negative Phrase
Search - Landscaping & Patios,rent,Campaign Negative Phrase
Search - Landscaping & Patios,rental,Campaign Negative Phrase
Search - Landscaping & Patios,for hire,Campaign Negative Phrase
Search - Landscaping & Patios,insurance,Campaign Negative Phrase
Search - Landscaping & Patios,planning permission,Campaign Negative Phrase
Search - Landscaping & Patios,boundary dispute,Campaign Negative Phrase
Search - Landscaping & Patios,landlord,Campaign Negative Phrase
Search - Landscaping & Patios,estate agent,Campaign Negative Phrase
Search - Landscaping & Patios,house for sale,Campaign Negative Phrase
Search - Garden Design & Planting,jobs,Campaign Negative Phrase
Search - Garden Design & Planting,job,Campaign Negative Phrase
Search - Garden Design & Planting,vacancy,Campaign Negative Phrase
Search - Garden Design & Planting,vacancies,Campaign Negative Phrase
Search - Garden Design & Planting,career,Campaign Negative Phrase
Search - Garden Design & Planting,careers,Campaign Negative Phrase
Search - Garden Design & Planting,salary,Campaign Negative Phrase
Search - Garden Design & Planting,wages,Campaign Negative Phrase
Search - Garden Design & Planting,apprenticeship,Campaign Negative Phrase
Search - Garden Design & Planting,apprentice,Campaign Negative Phrase
Search - Garden Design & Planting,recruitment,Campaign Negative Phrase
Search - Garden Design & Planting,cv,Campaign Negative Phrase
Search - Garden Design & Planting,hiring,Campaign Negative Phrase
Search - Garden Design & Planting,training,Campaign Negative Phrase
Search - Garden Design & Planting,course,Campaign Negative Phrase
Search - Garden Design & Planting,courses,Campaign Negative Phrase
Search - Garden Design & Planting,college,Campaign Negative Phrase
Search - Garden Design & Planting,qualification,Campaign Negative Phrase
Search - Garden Design & Planting,rhs course,Campaign Negative Phrase
Search - Garden Design & Planting,gardening leave,Campaign Negative Phrase
Search - Garden Design & Planting,diy,Campaign Negative Phrase
Search - Garden Design & Planting,how to,Campaign Negative Phrase
Search - Garden Design & Planting,how do i,Campaign Negative Phrase
Search - Garden Design & Planting,guide,Campaign Negative Phrase
Search - Garden Design & Planting,tutorial,Campaign Negative Phrase
Search - Garden Design & Planting,youtube,Campaign Negative Phrase
Search - Garden Design & Planting,tips,Campaign Negative Phrase
Search - Garden Design & Planting,yourself,Campaign Negative Phrase
Search - Garden Design & Planting,what is,Campaign Negative Phrase
Search - Garden Design & Planting,when to,Campaign Negative Phrase
Search - Garden Design & Planting,calendar,Campaign Negative Phrase
Search - Garden Design & Planting,wikipedia,Campaign Negative Phrase
Search - Garden Design & Planting,free,Campaign Negative Phrase
Search - Garden Design & Planting,cheap,Campaign Negative Phrase
Search - Garden Design & Planting,cheapest,Campaign Negative Phrase
Search - Garden Design & Planting,budget,Campaign Negative Phrase
Search - Garden Design & Planting,volunteer,Campaign Negative Phrase
Search - Garden Design & Planting,voluntary,Campaign Negative Phrase
Search - Garden Design & Planting,grant,Campaign Negative Phrase
Search - Garden Design & Planting,council,Campaign Negative Phrase
Search - Garden Design & Planting,charity,Campaign Negative Phrase
Search - Garden Design & Planting,garden centre,Campaign Negative Phrase
Search - Garden Design & Planting,garden centres,Campaign Negative Phrase
Search - Garden Design & Planting,nursery,Campaign Negative Phrase
Search - Garden Design & Planting,plants for sale,Campaign Negative Phrase
Search - Garden Design & Planting,seeds,Campaign Negative Phrase
Search - Garden Design & Planting,bulbs,Campaign Negative Phrase
Search - Garden Design & Planting,compost,Campaign Negative Phrase
Search - Garden Design & Planting,topsoil delivery,Campaign Negative Phrase
Search - Garden Design & Planting,b&q,Campaign Negative Phrase
Search - Garden Design & Planting,homebase,Campaign Negative Phrase
Search - Garden Design & Planting,wickes,Campaign Negative Phrase
Search - Garden Design & Planting,screwfix,Campaign Negative Phrase
Search - Garden Design & Planting,amazon,Campaign Negative Phrase
Search - Garden Design & Planting,ebay,Campaign Negative Phrase
Search - Garden Design & Planting,for sale,Campaign Negative Phrase
Search - Garden Design & Planting,buy,Campaign Negative Phrase
Search - Garden Design & Planting,shop,Campaign Negative Phrase
Search - Garden Design & Planting,garden furniture,Campaign Negative Phrase
Search - Garden Design & Planting,shed,Campaign Negative Phrase
Search - Garden Design & Planting,sheds,Campaign Negative Phrase
Search - Garden Design & Planting,greenhouse,Campaign Negative Phrase
Search - Garden Design & Planting,summer house,Campaign Negative Phrase
Search - Garden Design & Planting,log cabin,Campaign Negative Phrase
Search - Garden Design & Planting,hot tub,Campaign Negative Phrase
Search - Garden Design & Planting,bbq,Campaign Negative Phrase
Search - Garden Design & Planting,planters,Campaign Negative Phrase
Search - Garden Design & Planting,mower,Campaign Negative Phrase
Search - Garden Design & Planting,mowers,Campaign Negative Phrase
Search - Garden Design & Planting,lawnmower,Campaign Negative Phrase
Search - Garden Design & Planting,strimmer,Campaign Negative Phrase
Search - Garden Design & Planting,hedge trimmer,Campaign Negative Phrase
Search - Garden Design & Planting,machinery,Campaign Negative Phrase
Search - Garden Design & Planting,tool hire,Campaign Negative Phrase
Search - Garden Design & Planting,equipment hire,Campaign Negative Phrase
Search - Garden Design & Planting,repair,Campaign Negative Phrase
Search - Garden Design & Planting,spares,Campaign Negative Phrase
Search - Garden Design & Planting,parts,Campaign Negative Phrase
Search - Garden Design & Planting,servicing,Campaign Negative Phrase
Search - Garden Design & Planting,tree surgeon,Campaign Negative Phrase
Search - Garden Design & Planting,tree surgery,Campaign Negative Phrase
Search - Garden Design & Planting,tree felling,Campaign Negative Phrase
Search - Garden Design & Planting,stump grinding,Campaign Negative Phrase
Search - Garden Design & Planting,artificial grass,Campaign Negative Phrase
Search - Garden Design & Planting,astro turf,Campaign Negative Phrase
Search - Garden Design & Planting,fake grass,Campaign Negative Phrase
Search - Garden Design & Planting,japanese knotweed,Campaign Negative Phrase
Search - Garden Design & Planting,pest control,Campaign Negative Phrase
Search - Garden Design & Planting,window cleaning,Campaign Negative Phrase
Search - Garden Design & Planting,gutter,Campaign Negative Phrase
Search - Garden Design & Planting,driveway,Campaign Negative Phrase
Search - Garden Design & Planting,driveways,Campaign Negative Phrase
Search - Garden Design & Planting,block paving,Campaign Negative Phrase
Search - Garden Design & Planting,tarmac,Campaign Negative Phrase
Search - Garden Design & Planting,resin drive,Campaign Negative Phrase
Search - Garden Design & Planting,swimming pool,Campaign Negative Phrase
Search - Garden Design & Planting,pond,Campaign Negative Phrase
Search - Garden Design & Planting,irrigation,Campaign Negative Phrase
Search - Garden Design & Planting,tree removal,Campaign Negative Phrase
Search - Garden Design & Planting,conservatory,Campaign Negative Phrase
Search - Garden Design & Planting,extension,Campaign Negative Phrase
Search - Garden Design & Planting,roofing,Campaign Negative Phrase
Search - Garden Design & Planting,london,Campaign Negative Phrase
Search - Garden Design & Planting,birmingham,Campaign Negative Phrase
Search - Garden Design & Planting,manchester,Campaign Negative Phrase
Search - Garden Design & Planting,leeds,Campaign Negative Phrase
Search - Garden Design & Planting,bristol,Campaign Negative Phrase
Search - Garden Design & Planting,glasgow,Campaign Negative Phrase
Search - Garden Design & Planting,liverpool,Campaign Negative Phrase
Search - Garden Design & Planting,sheffield,Campaign Negative Phrase
Search - Garden Design & Planting,nottingham,Campaign Negative Phrase
Search - Garden Design & Planting,cardiff,Campaign Negative Phrase
Search - Garden Design & Planting,edinburgh,Campaign Negative Phrase
Search - Garden Design & Planting,allotment,Campaign Negative Phrase
Search - Garden Design & Planting,rent,Campaign Negative Phrase
Search - Garden Design & Planting,rental,Campaign Negative Phrase
Search - Garden Design & Planting,for hire,Campaign Negative Phrase
Search - Garden Design & Planting,insurance,Campaign Negative Phrase
Search - Garden Design & Planting,planning permission,Campaign Negative Phrase
Search - Garden Design & Planting,boundary dispute,Campaign Negative Phrase
Search - Garden Design & Planting,landlord,Campaign Negative Phrase
Search - Garden Design & Planting,estate agent,Campaign Negative Phrase
Search - Garden Design & Planting,house for sale,Campaign Negative Phrase
Search - Commercial Grounds,jobs,Campaign Negative Phrase
Search - Commercial Grounds,job,Campaign Negative Phrase
Search - Commercial Grounds,vacancy,Campaign Negative Phrase
Search - Commercial Grounds,vacancies,Campaign Negative Phrase
Search - Commercial Grounds,career,Campaign Negative Phrase
Search - Commercial Grounds,careers,Campaign Negative Phrase
Search - Commercial Grounds,salary,Campaign Negative Phrase
Search - Commercial Grounds,wages,Campaign Negative Phrase
Search - Commercial Grounds,apprenticeship,Campaign Negative Phrase
Search - Commercial Grounds,apprentice,Campaign Negative Phrase
Search - Commercial Grounds,recruitment,Campaign Negative Phrase
Search - Commercial Grounds,cv,Campaign Negative Phrase
Search - Commercial Grounds,hiring,Campaign Negative Phrase
Search - Commercial Grounds,training,Campaign Negative Phrase
Search - Commercial Grounds,course,Campaign Negative Phrase
Search - Commercial Grounds,courses,Campaign Negative Phrase
Search - Commercial Grounds,college,Campaign Negative Phrase
Search - Commercial Grounds,qualification,Campaign Negative Phrase
Search - Commercial Grounds,rhs course,Campaign Negative Phrase
Search - Commercial Grounds,gardening leave,Campaign Negative Phrase
Search - Commercial Grounds,diy,Campaign Negative Phrase
Search - Commercial Grounds,how to,Campaign Negative Phrase
Search - Commercial Grounds,how do i,Campaign Negative Phrase
Search - Commercial Grounds,guide,Campaign Negative Phrase
Search - Commercial Grounds,tutorial,Campaign Negative Phrase
Search - Commercial Grounds,youtube,Campaign Negative Phrase
Search - Commercial Grounds,tips,Campaign Negative Phrase
Search - Commercial Grounds,yourself,Campaign Negative Phrase
Search - Commercial Grounds,what is,Campaign Negative Phrase
Search - Commercial Grounds,when to,Campaign Negative Phrase
Search - Commercial Grounds,calendar,Campaign Negative Phrase
Search - Commercial Grounds,wikipedia,Campaign Negative Phrase
Search - Commercial Grounds,free,Campaign Negative Phrase
Search - Commercial Grounds,cheap,Campaign Negative Phrase
Search - Commercial Grounds,cheapest,Campaign Negative Phrase
Search - Commercial Grounds,budget,Campaign Negative Phrase
Search - Commercial Grounds,volunteer,Campaign Negative Phrase
Search - Commercial Grounds,voluntary,Campaign Negative Phrase
Search - Commercial Grounds,grant,Campaign Negative Phrase
Search - Commercial Grounds,council,Campaign Negative Phrase
Search - Commercial Grounds,charity,Campaign Negative Phrase
Search - Commercial Grounds,garden centre,Campaign Negative Phrase
Search - Commercial Grounds,garden centres,Campaign Negative Phrase
Search - Commercial Grounds,nursery,Campaign Negative Phrase
Search - Commercial Grounds,plants for sale,Campaign Negative Phrase
Search - Commercial Grounds,seeds,Campaign Negative Phrase
Search - Commercial Grounds,bulbs,Campaign Negative Phrase
Search - Commercial Grounds,compost,Campaign Negative Phrase
Search - Commercial Grounds,topsoil delivery,Campaign Negative Phrase
Search - Commercial Grounds,b&q,Campaign Negative Phrase
Search - Commercial Grounds,homebase,Campaign Negative Phrase
Search - Commercial Grounds,wickes,Campaign Negative Phrase
Search - Commercial Grounds,screwfix,Campaign Negative Phrase
Search - Commercial Grounds,amazon,Campaign Negative Phrase
Search - Commercial Grounds,ebay,Campaign Negative Phrase
Search - Commercial Grounds,for sale,Campaign Negative Phrase
Search - Commercial Grounds,buy,Campaign Negative Phrase
Search - Commercial Grounds,shop,Campaign Negative Phrase
Search - Commercial Grounds,garden furniture,Campaign Negative Phrase
Search - Commercial Grounds,shed,Campaign Negative Phrase
Search - Commercial Grounds,sheds,Campaign Negative Phrase
Search - Commercial Grounds,greenhouse,Campaign Negative Phrase
Search - Commercial Grounds,summer house,Campaign Negative Phrase
Search - Commercial Grounds,log cabin,Campaign Negative Phrase
Search - Commercial Grounds,hot tub,Campaign Negative Phrase
Search - Commercial Grounds,bbq,Campaign Negative Phrase
Search - Commercial Grounds,planters,Campaign Negative Phrase
Search - Commercial Grounds,mower,Campaign Negative Phrase
Search - Commercial Grounds,mowers,Campaign Negative Phrase
Search - Commercial Grounds,lawnmower,Campaign Negative Phrase
Search - Commercial Grounds,strimmer,Campaign Negative Phrase
Search - Commercial Grounds,hedge trimmer,Campaign Negative Phrase
Search - Commercial Grounds,machinery,Campaign Negative Phrase
Search - Commercial Grounds,tool hire,Campaign Negative Phrase
Search - Commercial Grounds,equipment hire,Campaign Negative Phrase
Search - Commercial Grounds,repair,Campaign Negative Phrase
Search - Commercial Grounds,spares,Campaign Negative Phrase
Search - Commercial Grounds,parts,Campaign Negative Phrase
Search - Commercial Grounds,servicing,Campaign Negative Phrase
Search - Commercial Grounds,tree surgeon,Campaign Negative Phrase
Search - Commercial Grounds,tree surgery,Campaign Negative Phrase
Search - Commercial Grounds,tree felling,Campaign Negative Phrase
Search - Commercial Grounds,stump grinding,Campaign Negative Phrase
Search - Commercial Grounds,artificial grass,Campaign Negative Phrase
Search - Commercial Grounds,astro turf,Campaign Negative Phrase
Search - Commercial Grounds,fake grass,Campaign Negative Phrase
Search - Commercial Grounds,japanese knotweed,Campaign Negative Phrase
Search - Commercial Grounds,pest control,Campaign Negative Phrase
Search - Commercial Grounds,window cleaning,Campaign Negative Phrase
Search - Commercial Grounds,gutter,Campaign Negative Phrase
Search - Commercial Grounds,driveway,Campaign Negative Phrase
Search - Commercial Grounds,driveways,Campaign Negative Phrase
Search - Commercial Grounds,block paving,Campaign Negative Phrase
Search - Commercial Grounds,tarmac,Campaign Negative Phrase
Search - Commercial Grounds,resin drive,Campaign Negative Phrase
Search - Commercial Grounds,swimming pool,Campaign Negative Phrase
Search - Commercial Grounds,pond,Campaign Negative Phrase
Search - Commercial Grounds,irrigation,Campaign Negative Phrase
Search - Commercial Grounds,tree removal,Campaign Negative Phrase
Search - Commercial Grounds,conservatory,Campaign Negative Phrase
Search - Commercial Grounds,extension,Campaign Negative Phrase
Search - Commercial Grounds,roofing,Campaign Negative Phrase
Search - Commercial Grounds,london,Campaign Negative Phrase
Search - Commercial Grounds,birmingham,Campaign Negative Phrase
Search - Commercial Grounds,manchester,Campaign Negative Phrase
Search - Commercial Grounds,leeds,Campaign Negative Phrase
Search - Commercial Grounds,bristol,Campaign Negative Phrase
Search - Commercial Grounds,glasgow,Campaign Negative Phrase
Search - Commercial Grounds,liverpool,Campaign Negative Phrase
Search - Commercial Grounds,sheffield,Campaign Negative Phrase
Search - Commercial Grounds,nottingham,Campaign Negative Phrase
Search - Commercial Grounds,cardiff,Campaign Negative Phrase
Search - Commercial Grounds,edinburgh,Campaign Negative Phrase
Search - Commercial Grounds,allotment,Campaign Negative Phrase
Search - Commercial Grounds,rent,Campaign Negative Phrase
Search - Commercial Grounds,rental,Campaign Negative Phrase
Search - Commercial Grounds,for hire,Campaign Negative Phrase
Search - Commercial Grounds,insurance,Campaign Negative Phrase
Search - Commercial Grounds,planning permission,Campaign Negative Phrase
Search - Commercial Grounds,boundary dispute,Campaign Negative Phrase
Search - Commercial Grounds,landlord,Campaign Negative Phrase
Search - Commercial Grounds,estate agent,Campaign Negative Phrase
Search - Commercial Grounds,house for sale,Campaign Negative Phrase
